mmsi,latitude,longitude,sog,cog,timestamp
419174863,17.92,72.95,13.6,64.4,2026-09-20T01:50:00Z
419174863,17.937464,72.986014,13.8,63,2026-09-20T02:00:00Z
419174863,17.953193,73.023165,13.9,66,2026-09-20T02:10:00Z
419174863,17.97034,73.062599,14.8,65.4,2026-09-20T02:20:00Z
419174863,17.987026,73.099902,14.1,64.8,2026-09-20T02:30:00Z
419328615,18.15,72.54,5.6,30.5,2026-09-20T02:30:00Z
419328615,18.165508,72.548937,6.4,28.7,2026-09-20T02:40:00Z
419285714,18.25,72.98,6.4,331.3,2026-09-20T02:45:00Z
419328615,18.178504,72.556439,5.3,28.7,2026-09-20T02:50:00Z
419285714,18.265347,72.96946,6.6,326.9,2026-09-20T02:55:00Z
419256930,17.7,72.82,9.9,47,2026-09-20T03:00:00Z
419328615,18.193084,72.565595,6.1,30.8,2026-09-20T03:00:00Z
419285714,18.281323,72.96012,6.6,331,2026-09-20T03:05:00Z
419256930,17.717684,72.838864,9.1,45.5,2026-09-20T03:10:00Z
419328615,18.206049,72.573887,5.5,31.3,2026-09-20T03:10:00Z
419285714,18.296059,72.951298,6.1,330.4,2026-09-20T03:15:00Z
419256930,17.736487,72.859998,9.9,47,2026-09-20T03:20:00Z
419285714,18.311287,72.940939,6.5,327.1,2026-09-20T03:25:00Z
419256930,17.755658,72.877931,9.2,41.7,2026-09-20T03:30:00Z
419215674,18.455,72.76,12.2,320.3,2026-09-20T03:40:00Z
419256930,17.775111,72.898894,10,45.7,2026-09-20T03:40:00Z
419215674,18.480142,72.73716,11.9,319.2,2026-09-20T03:50:00Z
419381742,18.5155,72.815,8.5,61.8,2026-09-20T03:50:00Z
419215674,18.503613,72.715033,11.3,318.2,2026-09-20T04:00:00Z
419381742,18.525394,72.838225,8.7,65.8,2026-09-20T04:00:00Z
419684205,18.505,72.845,10.5,117.7,2026-09-20T04:00:00Z
419527316,18.528,72.836,6.7,249.3,2026-09-20T04:05:00Z
419215674,18.529651,72.694073,11.8,322.6,2026-09-20T04:10:00Z
419381742,18.536418,72.859563,8.3,61.4,2026-09-20T04:10:00Z
419684205,18.493358,72.872016,10.1,114.4,2026-09-20T04:10:00Z
419391568,18.43,73.05,4.1,13.8,2026-09-20T04:15:00Z
419527316,18.519955,72.817624,6.9,245.2,2026-09-20T04:15:00Z
123456789,18.521,72.823,12.5,85,2026-09-20T04:20:00Z
419215674,18.553771,72.669155,12.2,315.6,2026-09-20T04:20:00Z
419381742,18.547544,72.883537,9.1,63.9,2026-09-20T04:20:00Z
419684205,18.48039,72.897437,9.9,118.3,2026-09-20T04:20:00Z
419391568,18.441397,73.053411,4.3,15.9,2026-09-20T04:25:00Z
419527316,18.513848,72.801194,6,248.6,2026-09-20T04:25:00Z
419381742,18.557745,72.904982,8.2,63.4,2026-09-20T04:30:00Z
419684205,18.46751,72.921996,9.6,118.9,2026-09-20T04:30:00Z
419742831,18.575,72.9,9,97.8,2026-09-20T04:30:00Z
419391568,18.453146,73.057214,4.4,17.1,2026-09-20T04:35:00Z
419527316,18.508049,72.783645,6.3,250.8,2026-09-20T04:35:00Z
419684205,18.454999,72.947584,9.8,117.3,2026-09-20T04:40:00Z
419742831,18.57395,72.926919,9.2,92.4,2026-09-20T04:40:00Z
419391568,18.46448,73.061243,4.3,18.6,2026-09-20T04:45:00Z
419527316,18.50096,72.76648,6.4,246.5,2026-09-20T04:45:00Z
419463928,18.37,72.68,11.4,71.7,2026-09-20T04:50:00Z
419742831,18.573047,72.954948,9.6,91.9,2026-09-20T04:50:00Z
419391568,18.475263,73.06579,4.2,21.8,2026-09-20T04:55:00Z
444555666,20.1,75,11,200,2026-09-20T05:00:00Z
419463928,18.380948,72.710066,11,69,2026-09-20T05:00:00Z
419742831,18.573001,72.982183,9.3,90.1,2026-09-20T05:00:00Z
987654321,18.55,72.9,8.2,120,2026-09-20T05:10:00Z
419463928,18.389261,72.743675,11.9,75.4,2026-09-20T05:10:00Z
419742831,18.570714,73.007275,8.6,95.5,2026-09-20T05:10:00Z
419548372,20.15,74.9,11,200.5,2026-09-20T05:15:00Z
419463928,18.397769,72.776024,11.5,74.5,2026-09-20T05:20:00Z
419548372,20.12245,74.888981,10.6,200.6,2026-09-20T05:25:00Z
419463928,18.408643,72.808185,11.7,70.4,2026-09-20T05:30:00Z
419487216,18.02,73.65,6.3,143.6,2026-09-20T05:30:00Z
419548372,20.093342,74.87878,11,198.2,2026-09-20T05:35:00Z
419487216,18.005368,73.662241,6.7,141.5,2026-09-20T05:40:00Z
111222333,18.29,73.44,9.5,270,2026-09-20T05:45:00Z
419548372,20.062935,74.866232,11.7,201.2,2026-09-20T05:45:00Z
419487216,17.989985,73.671401,6.4,150.5,2026-09-20T05:50:00Z
419548372,20.036176,74.854929,10.4,201.6,2026-09-20T05:55:00Z
419487216,17.977346,73.681205,5.7,143.6,2026-09-20T06:00:00Z
419487216,17.963582,73.691818,6.1,143.7,2026-09-20T06:10:00Z
419836512,18.69,72.98,7.5,154.4,2026-09-20T06:10:00Z
419836512,18.671921,72.988287,7.1,156.5,2026-09-20T06:20:00Z
419836512,18.651765,72.997175,7.9,157.3,2026-09-20T06:30:00Z
419832746,18.82,73.6,6.8,271.2,2026-09-20T06:40:00Z
419836512,18.634199,73.006126,7,154.2,2026-09-20T06:40:00Z
419832746,18.819252,73.577941,7.5,267.9,2026-09-20T06:50:00Z
419836512,18.614834,73.014617,7.5,157.4,2026-09-20T06:50:00Z
419832746,18.819624,73.55613,7.4,271,2026-09-20T07:00:00Z
419832746,18.821316,73.534576,7.4,274.7,2026-09-20T07:10:00Z
419751306,18.91,73.18,13.2,87.3,2026-09-20T07:20:00Z
419832746,18.820687,73.514368,6.9,268.1,2026-09-20T07:20:00Z
419751306,18.91069,73.218411,13.1,88.9,2026-09-20T07:30:00Z
419751306,18.912392,73.253368,11.9,87.1,2026-09-20T07:40:00Z
419751306,18.916047,73.291754,13.1,84.3,2026-09-20T07:50:00Z
419592047,19.22,72.88,10.6,211.5,2026-09-20T08:00:00Z
419751306,18.922366,73.329759,13.1,80,2026-09-20T08:00:00Z
419592047,19.195059,72.86525,10.3,209.2,2026-09-20T08:10:00Z
419592047,19.169111,72.851646,10.4,206.3,2026-09-20T08:20:00Z
419592047,19.143462,72.835553,10.7,210.7,2026-09-20T08:30:00Z
419592047,19.117807,72.820243,10.6,209.4,2026-09-20T08:40:00Z
419605731,19.05,73.45,8.3,280,2026-09-20T09:00:00Z
419605731,19.056824,73.425084,8.8,286.2,2026-09-20T09:10:00Z
419605731,19.06134,73.399927,8.7,280.8,2026-09-20T09:20:00Z
419605731,19.064347,73.374307,8.8,277.1,2026-09-20T09:30:00Z
419605731,19.069673,73.347519,9.3,281.9,2026-09-20T09:40:00Z
419713584,19.48,72.76,12.2,180.1,2026-09-20T10:00:00Z
419713584,19.446335,72.759262,12.1,181.2,2026-09-20T10:10:00Z
419713584,19.412562,72.756836,12.2,183.9,2026-09-20T10:20:00Z
419713584,19.378544,72.757343,12.2,179.2,2026-09-20T10:30:00Z
419713584,19.342579,72.759392,13,176.9,2026-09-20T10:40:00Z
419627405,19.65,73.2,15.4,233.7,2026-09-20T11:00:00Z
419627405,19.62726,73.163923,14.7,236.2,2026-09-20T11:10:00Z
419627405,19.604285,73.126668,15.1,236.8,2026-09-20T11:20:00Z
419627405,19.579616,73.089522,15.4,234.8,2026-09-20T11:30:00Z
419627405,19.55383,73.055467,14.8,231.2,2026-09-20T11:40:00Z
555666777,18.8,73.2,15,90,2026-09-20T13:00:00Z
